term,pos,term_1,pos_1,tf,Entity,Named entity,entity,parent_class,class,is_amenity,type,selected,,,,
living,NOUN,room,NOUN,685,X,,living room,AmenityArea,,no,new_class,yes,,,,
sea,NOUN,view,NOUN,397,,,sea view,,,,,no,,,,
bedroom,NOUN,bathroom,NOUN,334,,,bedroom bathroom,,,,,no,,,,
swimming,NOUN,pool,NOUN,271,X,,swimming pool,,,,same,no,,,,
sofa,NOUN,bed,NOUN,247,X,,sofa bed,,,,same,no,,,,
air,NOUN,conditioning,NOUN,237,X,,air conditioning,,AirConditioning,yes,label,yes,,,,
washing,NOUN,machine,NOUN,233,X,,washing machine,HomeAppliance,,yes,new_class,yes,,,,
bathroom,NOUN,shower,NOUN,216,,,bathroom shower,,,,,no,,,,
ground,NOUN,floor,NOUN,196,,,ground floor,,,,,no,,,,
bed,NOUN,bathroom,NOUN,190,,,bed bathroom,,,,,no,,,,
table,NOUN,chair,NOUN,155,,,table chair,,,,,no,,,,
room,NOUN,kitchen,NOUN,135,,,room kitchen,,,,,no,,,,
parking,NOUN,space,NOUN,130,X,,parking space,,ParkingFacility,yes,label,yes,,,,
house,NOUN,rule,NOUN,129,X,,house rule,,,,,no,,,,
service,NOUN,charge,NOUN,125,,,service charge,,,,,no,,,,
site,NOUN,house,NOUN,125,,,site house,,,,,no,,,,
rule,NOUN,house,NOUN,125,X,,rule house,,,,,no,,,,
house,NOUN,manual,NOUN,125,X,,house manual,,,,,no,,,,
manual,NOUN,detail,NOUN,125,,,manual detail,,,,,no,,,,
view,NOUN,sea,NOUN,108,X,,view sea,,,,,no,,,,
porto,PROPN,cervo,NOUN,108,,X,porto cervo,,,,,no,,,,
room,NOUN,sofa,NOUN,106,,,room sofa,,,,,no,,,,
bar,NOUN,restaurant,NOUN,104,,,bar restaurant,,,,,no,,,,
dining,NOUN,area,NOUN,104,X,,dining area,AmenityArea,,yes,new_class,yes,,,,
kitchen,NOUN,living,NOUN,99,,,kitchen living,,,,,no,,,,
dining,NOUN,room,NOUN,99,X,,dining room,AmenityArea,,no,new_class,yes,,,,
minute,NOUN,car,NOUN,98,,,minute car,,,,,no,,,,
restaurant,NOUN,bar,NOUN,96,,,restaurant bar,,,,,no,,,,
bedroom,NOUN,apartment,NOUN,90,,,bedroom apartment,,,,,no,,,,
city,NOUN,center,NOUN,90,X,,city center,LandmarksOrHistoricalBuildings,,no,new_class,yes,,,,
bed,NOUN,linen,NOUN,90,X,,bed linen,Equipment,,yes,new_class,yes,,,,
linen,NOUN,towel,NOUN,90,X,,linen towel,BathroomAmenity,,yes,new_class,yes,,,,
airport,NOUN,km,NOUN,89,,,airport km,,,,,no,,,,
beach,NOUN,minute,NOUN,87,,,beach minute,,,,,no,,,,
kitchen,NOUN,bathroom,NOUN,85,,,kitchen bathroom,,,,,no,,,,
bunk,NOUN,bed,NOUN,84,X,,bunk bed,,BedType,no,new_individual,yes,acco:BedType,,,
beach,NOUN,km,NOUN,78,,,beach km,,,,,no,,,,
room,NOUN,kitchenette,NOUN,77,,,room kitchenette,,,,,no,,,,
meter,NOUN,beach,NOUN,75,,,meter beach,,,,,no,,,,
kitchen,NOUN,bedroom,NOUN,74,,,kitchen bedroom,,,,,no,,,,
shop,NOUN,restaurant,NOUN,73,,,shop restaurant,,,,,no,,,,
bathroom,NOUN,kitchen,NOUN,73,,,bathroom kitchen,,,,,no,,,,
room,NOUN,bathroom,NOUN,71,,,room bathroom,,,,,no,,,,
wi,PROPN,fi,NOUN,65,,,wi fi,,,,,no,,,,
living,NOUN,area,NOUN,63,X,,living area,AmenityArea,,yes,new_class,yes,,,,
holiday,NOUN,home,NOUN,60,X,,holiday home,,,,same,no,,,,
minute,NOUN,walk,NOUN,59,,,minute walk,,,,,no,,,,
bathroom,NOUN,living,NOUN,58,,,bathroom living,,,,,no,,,,
coast,NOUN,sardinia,NOUN,57,,X,coast sardinia,,,,,no,,,,
costa,NOUN,smeralda,NOUN,57,,X,costa smeralda,,,,,no,,,,
restaurant,NOUN,pizzeria,NOUN,56,X,,restaurant pizzeria,,Restaurant,yes,label,yes,,,,
size,NOUN,bed,NOUN,56,,,size bed,,,,,no,,,,
couple,NOUN,family,NOUN,55,,,couple family,,,,,no,,,,
city,NOUN,centre,NOUN,50,X,,city centre,,,,,no,,,,
bedroom,NOUN,living,NOUN,50,,,bedroom living,,,,,no,,,,
tennis,NOUN,court,NOUN,50,X,,tennis court,,TennisSquare,yes,label,yes,,,,
family,NOUN,kid,NOUN,49,,,family kid,,,,,no,,,,
porto,PROPN,rotondo,NOUN,49,,,porto rotondo,,,,,no,,,,
bed,NOUN,room,NOUN,48,X,,bed room,,,,,no,,,,
satellite,NOUN,tv,NOUN,48,X,,satellite tv,Television,,yes,new_class,yes,,,,
bed,NOUN,bedroom,NOUN,47,,,bed bedroom,,,,,no,,,,
poetto,NOUN,beach,NOUN,47,,X,poetto beach,,,,,no,,,,
sand,NOUN,beach,NOUN,46,X,,sand beach,,Beach,no,label,yes,acco:BedType,tao:King,,
king,NOUN,size,NOUN,46,X,,king size,BedType,King,no,individual_label,yes,,,,
fridge,NOUN,freezer,NOUN,46,,,fridge freezer,,,,,no,,,,
dining,NOUN,table,NOUN,45,,,dining table,,,,,no,,,,
master,NOUN,bedroom,NOUN,45,X,,master bedroom,Room,,yes,,yes,,,,
floor,NOUN,apartment,NOUN,45,,,floor apartment,,,,,no,,,,
min,NOUN,walk,NOUN,45,,,min walk,,,,,no,,,,
bedroom,NOUN,bunk,NOUN,45,,,bedroom bunk,,,,,no,,,,
wi,NOUN,fi,NOUN,44,,,wi fi,,,,,no,,,,
bus,NOUN,stop,NOUN,43,X,,bus stop,,BusStop,,same,no,,,,BusStop
restaurant,NOUN,shop,NOUN,43,,,restaurant shop,,,,,no,,,,
kitchen,NOUN,dining,NOUN,43,,,kitchen dining,,,,,no,,,,
beach,NOUN,min,NOUN,43,,,beach min,,,,,no,,,,
min,NOUN,drive,NOUN,43,,,min drive,,,,,no,,,,
room,NOUN,apartment,NOUN,43,,,room apartment,,,,,no,,,,
family,NOUN,child,NOUN,42,,,family child,,,,,no,,,,
santa,NOUN,teresa,NOUN,41,,X,santa teresa,,,,,no,,,,
payment,NOUN,person,NOUN,41,,,payment person,,,,,no,,,,
security,NOUN,deposit,NOUN,41,X,,security deposit,,,,,no,,,,
meter,NOUN,sea,NOUN,40,,,meter sea,,,,,no,,,,
group,NOUN,friend,NOUN,39,X,,group friend,,,,,no,,,,
suite,NOUN,bathroom,NOUN,39,X,,en suite bathroom,Bathroom,,yes,new_class,yes,,,,
screen,NOUN,tv,NOUN,38,X,,screen tv,,Television,yes,label,yes,,,,
holiday,NOUN,apartment,NOUN,37,X,,holiday apartment,,Apartment,no,label,yes,,,,
beach,NOUN,sardinia,NOUN,37,,,beach sardinia,,,,,no,,,,
view,NOUN,terrace,NOUN,36,X,,view terrace,,Terrace,yes,label,yes,,,,
apartment,NOUN,bedroom,NOUN,36,,,apartment bedroom,,,,,no,,,,
floor,NOUN,bedroom,NOUN,35,,,floor bedroom,,,,,no,,,,
west,NOUN,coast,NOUN,34,,X,west coast,,,,,no,,,,
bed,NOUN,kitchen,NOUN,34,,,bed kitchen,,,,,no,,,,
bed,NOUN,breakfast,NOUN,34,,,bed breakfast,,,,,no,,,,
west,NOUN,sardinia,NOUN,34,,X,west sardinia,,,,,no,,,,
terrace,NOUN,sea,NOUN,34,,,terrace sea,,,,,no,,,,
parking,NOUN,place,NOUN,34,X,,parking place,,ParkingFacility,yes,label,yes,,,,
holiday,NOUN,house,NOUN,34,X,,holiday house,,HolidayHome,no,label,yes,,,,
family,NOUN,friend,NOUN,33,,,family friend,,,,,no,,,,
view,NOUN,villa,NOUN,33,,,view villa,,,,,no,,,,
tv,NOUN,washing,NOUN,33,,,tv washing,,,,,no,,,,
beach,NOUN,spiaggia,NOUN,33,,,beach spiaggia,,,,,no,,,,
bus,NOUN,station,NOUN,32,X,,bus station,,BusStation,,same,no,,,,BusStation
town,NOUN,centre,NOUN,32,X,,town centre,,CityCenter,no,label,yes,,,,
shower,NOUN,room,NOUN,32,,,shower room,,,,,no,,,,
minute,NOUN,foot,NOUN,32,,,minute foot,,,,,no,,,,
roof,NOUN,terrace,NOUN,31,X,,roof terrace,Terrace,,yes,new_class,yes,,,,
,,,,,,,Sun loungers or beach chairs,Equipment,,yes,new_class,yes,,,,
sun,NOUN,lounger,NOUN,31,X,,sun lounger,SunLoungersOrBeachChairs,,yes,new_class,yes,,,,
room,NOUN,dining,NOUN,31,,,room dining,,,,,no,,,,
car,NOUN,park,NOUN,31,X,,car park,,ParkingFacility,yes,label,yes,,,,
coda,NOUN,cavallo,NOUN,30,,X,coda cavallo,,,,,no,,,,
beach,NOUN,house,NOUN,30,X,,beach house,,House,no,label,yes,,,,
bed,NOUN,living,NOUN,30,,,bed living,,,,,no,,,,
room,NOUN,bed,NOUN,30,,,room bed,,,,,no,,,,
barbecue,NOUN,area,NOUN,29,X,,barbecue area,,,,,no,,,,
supermarket,NOUN,restaurant,NOUN,29,,,supermarket restaurant,,,,,no,,,,
bianca,NOUN,port,NOUN,29,,,bianca port,,,,,no,,,,
car,NOUN,parking,NOUN,29,X,,car parking,,,,,no,,,,
garden,NOUN,barbecue,NOUN,29,X,,garden barbecue,,,,,no,,,,
minute,NOUN,beach,NOUN,28,,,minute beach,,,,,no,,,,
beach,NOUN,apartment,NOUN,28,X,,beach apartment,,,,,no,,,,
north,NOUN,sardinia,NOUN,28,,X,north sardinia,,,,,no,,,,
town,NOUN,center,NOUN,28,X,,town center,,,,,no,,,,
access,NOUN,beach,NOUN,28,,,access beach,,,,,no,,,,
pine,NOUN,forest,NOUN,28,X,,pine forest,,,,,no,,,,
olive,NOUN,tree,NOUN,28,X,,olive tree,,,,,no,,,,
country,NOUN,house,NOUN,28,X,,country house,,,,,no,,,,
house,NOUN,garden,NOUN,28,,,house garden,,,,,no,,,,
water,NOUN,electricity,NOUN,28,,,water electricity,,,,,no,,,,
grocery,NOUN,store,NOUN,27,X,,grocery store,,,,,no,,,,
beach,NOUN,meter,NOUN,26,,,beach meter,,,,,no,,,,
km,NOUN,beach,NOUN,26,,,km beach,,,,,no,,,,
km,NOUN,sea,NOUN,26,,,km sea,,,,,no,,,,
beach,NOUN,villa,NOUN,26,,,beach villa,,,,,no,,,,
golf,NOUN,club,NOUN,26,X,,golf club,,,,,no,,,,
toilet,NOUN,bidet,NOUN,26,,,toilet bidet,,,,,no,,,,
sea,NOUN,mountain,NOUN,26,,,sea mountain,,,,,no,,,,
supermarket,NOUN,bar,NOUN,26,,,supermarket bar,,,,,no,,,,
bathroom,NOUN,terrace,NOUN,26,,,bathroom terrace,,,,,no,,,,
sand,NOUN,dune,NOUN,26,,,sand dune,,,,,no,,,,
beach,NOUN,restaurant,NOUN,25,,,beach restaurant,,,,,no,,,,
phone,NOUN,number,NOUN,25,,,phone number,,,,,no,,,,
bedroom,NOUN,king,NOUN,25,,,bedroom king,,,,,no,,,,
family,NOUN,couple,NOUN,25,,,family couple,,,,,no,,,,
bathroom,NOUN,air,NOUN,25,,,bathroom air,,,,,no,,,,
center,NOUN,minute,NOUN,25,,,center minute,,,,,no,,,,
machine,NOUN,dishwasher,NOUN,25,,,machine dishwasher,,,,,no,,,,
min,NOUN,car,NOUN,25,,,min car,,,,,no,,,,
garden,NOUN,terrace,NOUN,25,X,,garden terrace,,,,,no,,,,
bedroom,NOUN,kitchen,NOUN,25,,,bedroom kitchen,,,,,no,,,,
friend,NOUN,family,NOUN,25,,,friend family,,,,,no,,,,
airport,NOUN,minute,NOUN,25,,,airport minute,,,,,no,,,,
cala,NOUN,gonone,NOUN,24,,X,cala gonone,,,,,no,,,,
starting,NOUN,point,NOUN,24,,,starting point,,,,,no,,,,
bathroom,NOUN,bedroom,NOUN,24,,,bathroom bedroom,,,,,no,,,,
cleaning,NOUN,fee,NOUN,24,X,,cleaning fee,,,,,no,,,,
dishwasher,NOUN,washing,NOUN,24,,,dishwasher washing,,,,,no,,,,
ideal,NOUN,family,NOUN,24,,,ideal family,,,,,no,,,,
bathroom,NOUN,toilet,NOUN,24,,,bathroom toilet,,,,,no,,,,
house,NOUN,apartment,NOUN,24,,,house apartment,,,,,no,,,,
garden,NOUN,bbq,NOUN,24,X,,garden bbq,,,,,no,,,,
vista,NOUN,mare,NOUN,24,,,vista mare,,,,,no,,,,
beach,NOUN,sea,NOUN,23,,,beach sea,,,,,no,,,,
house,NOUN,sea,NOUN,23,,,house sea,,,,,no,,,,
apartment,NOUN,floor,NOUN,23,X,,apartment floor,,,,,no,,,,
dal,NOUN,mare,NOUN,23,,,dal mare,,,,,no,,,,
sheet,NOUN,towel,NOUN,23,,,sheet towel,,,,,no,,,,
beach,NOUN,area,NOUN,23,,,beach area,,,,,no,,,,
apartment,NOUN,ground,NOUN,23,,,apartment ground,,,,,no,,,,
terrace,NOUN,table,NOUN,23,,,terrace table,,,,,no,,,,
tourist,NOUN,tax,NOUN,23,X,,tourist tax,,,,,no,,,,
golfo,NOUN,aranci,NOUN,23,,X,golfo aranci,,,,,no,,,,
family,NOUN,group,NOUN,22,,,family group,,,,,no,,,,
house,NOUN,bedroom,NOUN,22,,,house bedroom,,,,,no,,,,
living,NOUN,dining,NOUN,22,,,living dining,,,,,no,,,,
lunch,NOUN,dinner,NOUN,22,,,lunch dinner,,,,,no,,,,
tv,NOUN,air,NOUN,22,,,tv air,,,,,no,,,,
sardinia,NOUN,house,NOUN,22,,,sardinia house,,,,,no,,,,
hair,NOUN,dryer,NOUN,22,X,,hair dryer,,,,,no,,,,
kitchen,NOUN,dishwasher,NOUN,22,,,kitchen dishwasher,,,,,no,,,,
al,PROPN,fresco,NOUN,22,,,al fresco,,,,,no,,,,
garden,NOUN,parking,NOUN,22,,,garden parking,,,,,no,,,,
space,NOUN,person,NOUN,22,,,space person,,,,,no,,,,
bar,NOUN,café,NOUN,22,,,bar café,,,,,no,,,,
bedlinen,NOUN,payment,NOUN,22,,,bedlinen payment,,,,,no,,,,
family,NOUN,house,NOUN,22,,,family house,,,,,no,,,,
province,NOUN,oristano,NOUN,22,,X,province oristano,,,,,no,,,,
kitchenette,NOUN,bathroom,NOUN,22,,,kitchenette bathroom,,,,,no,,,,
electricity,NOUN,gas,NOUN,22,,,electricity gas,,,,,no,,,,
guest,NOUN,house,NOUN,22,X,,guest house,,,,,no,,,,
bedroom,NOUN,villa,NOUN,21,,,bedroom villa,,,,,no,,,,
bbq,NOUN,area,NOUN,21,X,,bbq area,,,,,no,,,,
access,NOUN,sea,NOUN,21,,,access sea,,,,,no,,,,
area,NOUN,bathroom,NOUN,21,,,area bathroom,,,,,no,,,,
garden,NOUN,house,NOUN,21,X,,garden house,,,,,no,,,,
walking,NOUN,distance,NOUN,21,,,walking distance,,,,,no,,,,
day,NOUN,beach,NOUN,21,,,day beach,,,,,no,,,,
terrace,NOUN,garden,NOUN,21,X,,terrace garden,,,,,no,,,,
business,NOUN,traveler,NOUN,21,X,,business traveler,,,,,no,,,,
sea,NOUN,meter,NOUN,21,,,sea meter,,,,,no,,,,
cala,NOUN,brandinchi,NOUN,21,,X,cala brandinchi,,,,,no,,,,
minute,NOUN,drive,NOUN,21,,,minute drive,,,,,no,,,,
ironing,NOUN,board,NOUN,21,X,,ironing board,,,,,no,,,,
towel,NOUN,payment,NOUN,21,,,towel payment,,,,,no,,,,
area,NOUN,house,NOUN,21,,,area house,,,,,no,,,,
coffee,NOUN,machine,NOUN,21,X,,coffee machine,,,,,no,,,,
sea,NOUN,house,NOUN,21,,,sea house,,,,,no,,,,
room,NOUN,fireplace,NOUN,21,,,room fireplace,,,,,no,,,,
bed,NOUN,kitchenette,NOUN,20,,,bed kitchenette,,,,,no,,,,
torre,NOUN,delle,NOUN,20,,,torre delle,,,,,no,,,,
bed,NOUN,sofa,NOUN,20,,,bed sofa,,,,,no,,,,
shower,NOUN,bidet,NOUN,20,,,shower bidet,,,,,no,,,,
area,NOUN,bedroom,NOUN,20,,,area bedroom,,,,,no,,,,
patio,NOUN,garden,NOUN,20,,,patio garden,,,,,no,,,,
island,NOUN,tavolara,NOUN,20,,X,island tavolara,,,,,no,,,,
iron,NOUN,ironing,NOUN,20,,,iron ironing,,,,,no,,,,
parking,NOUN,area,NOUN,20,X,,parking area,,,,,no,,,,
train,NOUN,station,NOUN,20,X,,train station,,,,,no,,,,
putzu,NOUN,idu,NOUN,20,,X,putzu idu,,,,,no,,,,
sea,NOUN,beach,NOUN,20,,,sea beach,,,,,no,,,,
person,NOUN,week,NOUN,20,,,person week,,,,,no,,,,
costa,NOUN,paradiso,NOUN,20,,X,costa paradiso,,,,,no,,,,
meter,NOUN,house,NOUN,19,,,meter house,,,,,no,,,,
beach,NOUN,cala,NOUN,19,,,beach cala,,,,,no,,,,
restaurant,NOUN,supermarket,NOUN,19,,,restaurant supermarket,,,,,no,,,,
kitchen,NOUN,area,NOUN,19,X,,kitchen area,,,,,no,,,,
seating,NOUN,area,NOUN,19,,,seating area,,,,,no,,,,
villa,NOUN,sea,NOUN,19,,,villa sea,,,,,no,,,,
room,NOUN,air,NOUN,19,,,room air,,,,,no,,,,
house,NOUN,minute,NOUN,19,,,house minute,,,,,no,,,,
nd,NOUN,floor,NOUN,19,,,nd floor,,,,,no,,,,
villa,NOUN,garden,NOUN,19,,,villa garden,,,,,no,,,,
living,NOUN,space,NOUN,19,,,living space,,,,,no,,,,
property,NOUN,bed,NOUN,19,,,property bed,,,,,no,,,,
cagliari,PROPN,airport,NOUN,19,,X,cagliari airport,,,,,no,,,,
person,NOUN,day,NOUN,19,,,person day,,,,,no,,,,
air,NOUN,con,NOUN,18,X,,air con,,,,,no,,,,
capo,NOUN,coda,NOUN,18,,,capo coda,,,,,no,,,,
apartment,NOUN,villa,NOUN,18,,,apartment villa,,,,,no,,,,
conditioning,NOUN,heating,NOUN,18,,,conditioning heating,,,,,no,,,,
ideal,NOUN,couple,NOUN,18,,,ideal couple,,,,,no,,,,
view,NOUN,bay,NOUN,18,,,view bay,,,,,no,,,,
walk,NOUN,beach,NOUN,18,,,walk beach,,,,,no,,,,
golf,NOUN,course,NOUN,18,X,,golf course,,,,,no,,,,
km,NOUN,cagliari,PROPN,18,X,,km cagliari,,,,,no,,,,
bathroom,NOUN,room,NOUN,18,,,bathroom room,,,,,no,,,,
beach,NOUN,bar,NOUN,18,,,beach bar,,,,,no,,,,
sea,NOUN,villa,NOUN,18,,,sea villa,,,,,no,,,,
distance,NOUN,beach,NOUN,18,,,distance beach,,,,,no,,,,
st,PROPN,floor,NOUN,18,,,st floor,,,,,no,,,,
sea,NOUN,km,NOUN,18,,,sea km,,,,,no,,,,
adventurer,NOUN,business,NOUN,18,,,adventurer business,,,,,no,,,,
kitchen,NOUN,terrace,NOUN,18,,,kitchen terrace,,,,,no,,,,
town,NOUN,alghero,NOUN,18,,X,town alghero,,,,,no,,,,
charge,NOUN,guest,NOUN,18,,,charge guest,,,,,no,,,,
pm,NOUN,case,NOUN,18,,,pm case,,,,,no,,,,
case,NOUN,guest,NOUN,18,,,case guest,,,,,no,,,,
guest,NOUN,dog,NOUN,18,,,guest dog,,,,,no,,,,
queen,NOUN,size,NOUN,18,X,,queen size,,,,,no,,,,
number,NOUN,bedroom,NOUN,18,,,number bedroom,,,,,no,,,,
bedroom,NOUN,number,NOUN,18,,,bedroom number,,,,,no,,,,
number,NOUN,room,NOUN,18,,,number room,,,,,no,,,,
bed,NOUN,number,NOUN,18,,,bed number,,,,,no,,,,
number,NOUN,bathroom,NOUN,18,,,number bathroom,,,,,no,,,,
consumption,NOUN,water,NOUN,18,,,consumption water,,,,,no,,,,
check,NOUN,request,NOUN,18,,,check request,,,,,no,,,,
request,NOUN,arrival,NOUN,18,,,request arrival,,,,,no,,,,
apartment,NOUN,village,NOUN,18,,,apartment village,,,,,no,,,,
bedroom,NOUN,bed,NOUN,18,,,bedroom bed,,,,,no,,,,
sardinia,NOUN,villa,NOUN,17,,,sardinia villa,,,,,no,,,,
holiday,NOUN,sardinia,NOUN,17,,,holiday sardinia,,,,,no,,,,
center,NOUN,town,NOUN,17,X,,center town,,,,,no,,,,
terrace,NOUN,view,NOUN,17,X,,terrace view,,,,,no,,,,
view,NOUN,beach,NOUN,17,,,view beach,,,,,no,,,,
air,NOUN,condition,NOUN,17,X,,air condition,,,,,no,,,,
bed,NOUN,bunk,NOUN,17,,,bed bunk,,,,,no,,,,
garden,NOUN,veranda,NOUN,17,,,garden veranda,,,,,no,,,,
cervo,NOUN,marina,NOUN,17,,,cervo marina,,,,,no,,,,
olive,NOUN,grove,NOUN,17,X,,olive grove,,,,,no,,,,
water,NOUN,beach,NOUN,17,,,water beach,,,,,no,,,,
km,NOUN,center,NOUN,17,,,km center,,,,,no,,,,
studio,NOUN,apartment,NOUN,17,,,studio apartment,,,,,no,,,,
traveler,NOUN,family,NOUN,17,,,traveler family,,,,,no,,,,
view,NOUN,island,NOUN,17,,,view island,,,,,no,,,,
parking,NOUN,house,NOUN,17,,,parking house,,,,,no,,,,
seaside,NOUN,resort,NOUN,17,X,,seaside resort,,,,,no,,,,
apartment,NOUN,number,NOUN,17,,,apartment number,,,,,no,,,,
glass,NOUN,wine,NOUN,17,,,glass wine,,,,,no,,,,
check,NOUN,charge,NOUN,17,,,check charge,,,,,no,,,,
shower,NOUN,washing,NOUN,17,,,shower washing,,,,,no,,,,
maddalena,PROPN,archipelago,NOUN,17,,X,maddalena archipelago,,,,,no,,,,
beach,NOUN,umbrella,NOUN,16,,,beach umbrella,,,,,no,,,,
km,NOUN,airport,NOUN,16,,,km airport,,,,,no,,,,
bed,NOUN,bath,NOUN,16,,,bed bath,,,,,no,,,,
area,NOUN,sofa,NOUN,16,,,area sofa,,,,,no,,,,
veranda,NOUN,garden,NOUN,16,,,veranda garden,,,,,no,,,,
bathroom,NOUN,apartment,NOUN,16,,,bathroom apartment,,,,,no,,,,
center,NOUN,cagliari,PROPN,16,,X,center cagliari,,,,,no,,,,
bathroom,NOUN,washing,NOUN,16,,,bathroom washing,,,,,no,,,,
air,NOUN,conditioner,NOUN,16,X,,air conditioner,,,,,no,,,,
house,NOUN,meter,NOUN,16,X,,house meter,,,,,no,,,,
pool,NOUN,sea,NOUN,16,,,pool sea,,,,,no,,,,
heart,NOUN,cagliari,NOUN,16,,,heart cagliari,,,,,no,,,,
post,NOUN,office,NOUN,16,X,,post office,,,,,no,,,,
beach,NOUN,costa,NOUN,16,,,beach costa,,,,,no,,,,
euro,NOUN,person,NOUN,16,,,euro person,,,,,no,,,,
km,NOUN,property,NOUN,16,,,km property,,,,,no,,,,
conditioning,NOUN,washing,NOUN,16,,,conditioning washing,,,,,no,,,,
lu,PROPN,impostu,NOUN,16,,,lu impostu,,,,,no,,,,
ocean,NOUN,view,NOUN,16,,,ocean view,,,,,no,,,,
shop,NOUN,bar,NOUN,16,,,shop bar,,,,,no,,,,
bed,NOUN,apartment,NOUN,16,,,bed apartment,,,,,no,,,,
sun,NOUN,terrace,NOUN,16,,,sun terrace,,,,,no,,,,
sea,NOUN,minute,NOUN,16,,,sea minute,,,,,no,,,,
euro,NOUN,day,NOUN,16,,,euro day,,,,,no,,,,
kitchenette,NOUN,dish,NOUN,16,,,kitchenette dish,,,,,no,,,,
linen,NOUN,rental,NOUN,16,X,,linen rental,,,,,no,,,,
charge,NOUN,night,NOUN,16,,,charge night,,,,,no,,,,
collection,NOUN,table,NOUN,16,,,collection table,,,,,no,,,,
table,NOUN,accommodation,NOUN,16,,,table accommodation,,,,,no,,,,
accommodation,NOUN,return,NOUN,16,,,accommodation return,,,,,no,,,,
space,NOUN,people,NOUN,16,,,space people,,,,,no,,,,
beach,NOUN,service,NOUN,15,,,beach service,,,,,no,,,,
pool,NOUN,area,NOUN,15,X,,pool area,,,,,no,,,,
bathroom,NOUN,house,NOUN,15,,,bathroom house,,,,,no,,,,
bedroom,NOUN,house,NOUN,15,,,bedroom house,,,,,no,,,,
apartment,NOUN,complex,NOUN,15,X,,apartment complex,,,,,no,,,,
step,NOUN,sea,NOUN,15,,,step sea,,,,,no,,,,
floor,NOUN,house,NOUN,15,,,floor house,,,,,no,,,,
fi,NOUN,internet,NOUN,15,,,fi internet,,,,,no,,,,
room,NOUN,tv,NOUN,15,,,room tv,,,,,no,,,,
veranda,NOUN,barbecue,NOUN,15,X,,veranda barbecue,,,,,no,,,,
residence,NOUN,swimming,NOUN,15,,,residence swimming,,,,,no,,,,
tv,NOUN,wifi,NOUN,15,,,tv wifi,,,,,no,,,,
holiday,NOUN,village,NOUN,15,,,holiday village,,,,,no,,,,
baja,NOUN,sardinia,NOUN,15,,X,baja sardinia,,,,,no,,,,
gas,NOUN,hob,NOUN,15,,,gas hob,,,,,no,,,,
tourist,NOUN,village,NOUN,15,,,tourist village,,,,,no,,,,
impostu,NOUN,beach,NOUN,15,,,impostu beach,,,,,no,,,,
center,NOUN,porto,PROPN,15,,,center porto,,,,,no,,,,
room,NOUN,bedroom,NOUN,15,,,room bedroom,,,,,no,,,,
fishing,NOUN,village,NOUN,15,,,fishing village,,,,,no,,,,
beach,NOUN,chia,NOUN,15,,,beach chia,,,,,no,,,,
santa,NOUN,margherita,NOUN,15,,,santa margherita,,,,,no,,,,
terrace,NOUN,barbecue,NOUN,15,,,terrace barbecue,,,,,no,,,,
apartment,NOUN,heart,NOUN,15,,,apartment heart,,,,,no,,,,
pet,NOUN,request,NOUN,15,,,pet request,,,,,no,,,,
request,NOUN,week,NOUN,15,,,request week,,,,,no,,,,
deposit,NOUN,customer,NOUN,15,,,deposit customer,,,,,no,,,,
customer,NOUN,care,NOUN,15,,,customer care,,,,,no,,,,
collection,NOUN,waste,NOUN,15,,,collection waste,,,,,no,,,,
waste,NOUN,disposal,NOUN,15,,,waste disposal,,,,,no,,,,
shower,NOUN,toilet,NOUN,15,,,shower toilet,,,,,no,,,,
kitchenette,NOUN,bedroom,NOUN,15,,,kitchenette bedroom,,,,,no,,,,
apartment,NOUN,casa,NOUN,15,,,apartment casa,,,,,no,,,,
mare,NOUN,e,NOUN,15,,,mare e,,,,,no,,,,
kitchenette,NOUN,sofa,NOUN,15,,,kitchenette sofa,,,,,no,,,,
summer,NOUN,holiday,NOUN,15,,,summer holiday,,,,,no,,,,
soggiorno,NOUN,con,NOUN,14,,,soggiorno con,,,,,no,,,,
area,NOUN,minute,NOUN,14,,,area minute,,,,,no,,,,
garden,NOUN,area,NOUN,14,,,garden area,,,,,no,,,,
ground,NOUN,level,NOUN,14,,,ground level,,,,,no,,,,
delle,NOUN,stelle,NOUN,14,,,delle stelle,,,,,no,,,,
veranda,NOUN,table,NOUN,14,,,veranda table,,,,,no,,,,
shopping,NOUN,street,NOUN,14,,,shopping street,,,,,no,,,,
toilet,NOUN,shower,NOUN,14,,,toilet shower,,,,,no,,,,
room,NOUN,terrace,NOUN,14,,,room terrace,,,,,no,,,,
spacebility,NOUN,city,NOUN,14,,,spacebility city,,,,,no,,,,
beach,NOUN,porto,PROPN,14,,,beach porto,,,,,no,,,,
shopping,NOUN,center,NOUN,14,,,shopping center,,,,,no,,,,
pool,NOUN,garden,NOUN,14,,,pool garden,,,,,no,,,,
pelosa,NOUN,beach,NOUN,14,,,pelosa beach,,,,,no,,,,
beach,NOUN,shop,NOUN,14,,,beach shop,,,,,no,,,,
beach,NOUN,budoni,NOUN,14,,,beach budoni,,,,,no,,,,
shower,NOUN,bedroom,NOUN,14,,,shower bedroom,,,,,no,,,,
plan,NOUN,kitchen,NOUN,14,,,plan kitchen,,,,,no,,,,
km,NOUN,villasimius,NOUN,14,,,km villasimius,,,,,no,,,,
storey,NOUN,villa,NOUN,14,,,storey villa,,,,,no,,,,
centre,NOUN,km,NOUN,14,,,centre km,,,,,no,,,,
area,NOUN,kitchen,NOUN,14,,,area kitchen,,,,,no,,,,
cleaning,NOUN,kitchenette,NOUN,14,,,cleaning kitchenette,,,,,no,,,,
communication,NOUN,person,NOUN,14,,,communication person,,,,,no,,,,
week,NOUN,internet,NOUN,14,,,week internet,,,,,no,,,,
internet,NOUN,rental,NOUN,14,,,internet rental,,,,,no,,,,
day,NOUN,person,NOUN,14,,,day person,,,,,no,,,,
isuledda,NOUN,beach,NOUN,14,,,isuledda beach,,,,,no,,,,
sea,NOUN,water,NOUN,14,,,sea water,,,,,no,,,,
santa,NOUN,teresa,PROPN,14,,,santa teresa,,,,,no,,,,
people,NOUN,bedroom,NOUN,13,,,people bedroom,,,,,no,,,,
bosa,NOUN,marina,NOUN,13,,,bosa marina,,,,,no,,,,
supermarket,NOUN,minute,NOUN,13,,,supermarket minute,,,,,no,,,,
costa,NOUN,rei,NOUN,13,,,costa rei,,,,,no,,,,
bathroom,NOUN,floor,NOUN,13,,,bathroom floor,,,,,no,,,,
sant,NOUN,antioco,PROPN,13,,,sant antioco,,,,,no,,,,
east,NOUN,coast,NOUN,13,,,east coast,,,,,no,,,,
km,NOUN,apartment,NOUN,13,,,km apartment,,,,,no,,,,
beach,NOUN,car,NOUN,13,,,beach car,,,,,no,,,,
beach,NOUN,poetto,NOUN,13,,,beach poetto,,,,,no,,,,
beach,NOUN,crystal,NOUN,13,,,beach crystal,,,,,no,,,,
conditioning,NOUN,room,NOUN,13,,,conditioning room,,,,,no,,,,
view,NOUN,gulf,NOUN,13,,,view gulf,,,,,no,,,,
room,NOUN,living,NOUN,13,,,room living,,,,,no,,,,
terrace,NOUN,bbq,NOUN,13,,,terrace bbq,,,,,no,,,,
bath,NOUN,room,NOUN,13,,,bath room,,,,,no,,,,
north,NOUN,coast,NOUN,13,,,north coast,,,,,no,,,,
km,NOUN,porto,PROPN,13,,,km porto,,,,,no,,,,
room,NOUN,sea,NOUN,13,,,room sea,,,,,no,,,,
sea,NOUN,port,NOUN,13,,,sea port,,,,,no,,,,
car,NOUN,beach,NOUN,13,,,car beach,,,,,no,,,,
tavolara,NOUN,island,NOUN,13,,,tavolara island,,,,,no,,,,
shopping,NOUN,facility,NOUN,13,,,shopping facility,,,,,no,,,,
rental,NOUN,verification,NOUN,13,,,rental verification,,,,,no,,,,
verification,NOUN,signal,NOUN,13,,,verification signal,,,,,no,,,,
signal,NOUN,euro,NOUN,13,,,signal euro,,,,,no,,,,
day,NOUN,possibility,NOUN,13,,,day possibility,,,,,no,,,,
bus,NOUN,beach,NOUN,13,,,bus beach,,,,,no,,,,
bed,NOUN,people,NOUN,13,,,bed people,,,,,no,,,,
beach,NOUN,towel,NOUN,13,,,beach towel,,,,,no,,,,
app,NOUN,calendar,NOUN,13,,,app calendar,,,,,no,,,,
pool,NOUN,tennis,NOUN,13,,,pool tennis,,,,,no,,,,
luxury,NOUN,villa,NOUN,13,,,luxury villa,,,,,no,,,,
apartment,NOUN,center,NOUN,13,,,apartment center,,,,,no,,,,
car,NOUN,minute,NOUN,13,,,car minute,,,,,no,,,,
camera,NOUN,matrimoniale,NOUN,13,,,camera matrimoniale,,,,,no,,,,
sardinia,NOUN,minute,NOUN,12,,,sardinia minute,,,,,no,,,,
beach,NOUN,city,NOUN,12,,,beach city,,,,,no,,,,
garden,NOUN,sea,NOUN,12,,,garden sea,,,,,no,,,,
step,NOUN,beach,NOUN,12,,,step beach,,,,,no,,,,
code,NOUN,sa,NOUN,12,,,code sa,,,,,no,,,,
holiday,NOUN,villa,NOUN,12,,,holiday villa,,,,,no,,,,
view,NOUN,garden,NOUN,12,,,view garden,,,,,no,,,,
bedroom,NOUN,air,NOUN,12,,,bedroom air,,,,,no,,,,
water,NOUN,sport,NOUN,12,,,water sport,,,,,no,,,,
town,NOUN,bosa,NOUN,12,,,town bosa,,,,,no,,,,
camera,NOUN,da,NOUN,12,,,camera da,,,,,no,,,,
sea,NOUN,sardinia,NOUN,12,,,sea sardinia,,,,,no,,,,
parking,NOUN,lot,NOUN,12,,,parking lot,,,,,no,,,,
minute,NOUN,bus,NOUN,12,,,minute bus,,,,,no,,,,
city,NOUN,palau,NOUN,12,,,city palau,,,,,no,,,,
car,NOUN,km,NOUN,12,,,car km,,,,,no,,,,
bathroom,NOUN,ground,NOUN,12,,,bathroom ground,,,,,no,,,,
room,NOUN,balcony,NOUN,12,,,room balcony,,,,,no,,,,
sea,NOUN,island,NOUN,12,,,sea island,,,,,no,,,,
bedroom,NOUN,balcony,NOUN,12,,,bedroom balcony,,,,,no,,,,
bus,NOUN,service,NOUN,12,,,bus service,,,,,no,,,,
kitchen,NOUN,utensil,NOUN,12,,,kitchen utensil,,,,,no,,,,
beach,NOUN,pelosa,NOUN,12,,,beach pelosa,,,,,no,,,,
sant,NOUN,anna,NOUN,12,,,sant anna,,,,,no,,,,
internet,NOUN,wi,NOUN,12,,,internet wi,,,,,no,,,,
bathroom,NOUN,equipment,NOUN,12,,,bathroom equipment,,,,,no,,,,
hairdryer,NOUN,iron,NOUN,12,,,hairdryer iron,,,,,no,,,,
beach,NOUN,gulf,NOUN,12,,,beach gulf,,,,,no,,,,
minute,NOUN,porto,PROPN,12,,,minute porto,,,,,no,,,,
booking,NOUN,inquiry,NOUN,12,,,booking inquiry,,,,,no,,,,
area,NOUN,sardinia,NOUN,12,,,area sardinia,,,,,no,,,,
internet,NOUN,connection,NOUN,12,,,internet connection,,,,,no,,,,
floor,NOUN,villa,NOUN,12,,,floor villa,,,,,no,,,,
view,NOUN,apartment,NOUN,12,,,view apartment,,,,,no,,,,
centre,NOUN,palau,NOUN,12,,,centre palau,,,,,no,,,,
apartment,NOUN,beach,NOUN,12,,,apartment beach,,,,,no,,,,
sardinia,NOUN,km,NOUN,12,,,sardinia km,,,,,no,,,,
beach,NOUN,bedroom,NOUN,11,,,beach bedroom,,,,,no,,,,
fruit,NOUN,tree,NOUN,11,,,fruit tree,,,,,no,,,,
kitchen,NOUN,sofa,NOUN,11,,,kitchen sofa,,,,,no,,,,
bedroom,NOUN,bath,NOUN,11,,,bedroom bath,,,,,no,,,,
apartment,NOUN,terrace,NOUN,11,,,apartment terrace,,,,,no,,,,
conditioning,NOUN,tv,NOUN,11,,,conditioning tv,,,,,no,,,,
garden,NOUN,villa,NOUN,11,,,garden villa,,,,,no,,,,
supermarket,NOUN,shop,NOUN,11,,,supermarket shop,,,,,no,,,,
distance,NOUN,sea,NOUN,11,,,distance sea,,,,,no,,,,
terrace,NOUN,dining,NOUN,11,,,terrace dining,,,,,no,,,,
minute,NOUN,cagliari,PROPN,11,,,minute cagliari,,,,,no,,,,
heart,NOUN,cagliari,PROPN,11,,,heart cagliari,,,,,no,,,,
maddalena,PROPN,island,NOUN,11,,,maddalena island,,,,,no,,,,
towel,NOUN,linen,NOUN,11,,,towel linen,,,,,no,,,,
shower,NOUN,kitchen,NOUN,11,,,shower kitchen,,,,,no,,,,
minute,NOUN,sea,NOUN,11,,,minute sea,,,,,no,,,,
parking,NOUN,car,NOUN,11,,,parking car,,,,,no,,,,
house,NOUN,floor,NOUN,11,,,house floor,,,,,no,,,,
floor,NOUN,building,NOUN,11,,,floor building,,,,,no,,,,
view,NOUN,meter,NOUN,11,,,view meter,,,,,no,,,,
lido,NOUN,beach,NOUN,11,,,lido beach,,,,,no,,,,
bar,NOUN,shop,NOUN,11,,,bar shop,,,,,no,,,,
complex,NOUN,apartment,NOUN,11,,,complex apartment,,,,,no,,,,
person,NOUN,bedlinen,NOUN,11,,,person bedlinen,,,,,no,,,,
area,NOUN,kitchenette,NOUN,11,,,area kitchenette,,,,,no,,,,
area,NOUN,barbecue,NOUN,11,,,area barbecue,,,,,no,,,,
santa,NOUN,caterina,NOUN,11,,,santa caterina,,,,,no,,,,
seaside,NOUN,village,NOUN,11,,,seaside village,,,,,no,,,,
cuglieri,NOUN,province,NOUN,11,,,cuglieri province,,,,,no,,,,
maria,NOUN,pia,PROPN,11,,,maria pia,,,,,no,,,,
apartment,NOUN,minute,NOUN,11,,,apartment minute,,,,,no,,,,
garden,NOUN,apartment,NOUN,11,,,garden apartment,,,,,no,,,,
marina,NOUN,piazzetta,NOUN,11,,,marina piazzetta,,,,,no,,,,
family,NOUN,holiday,NOUN,11,,,family holiday,,,,,no,,,,
baby,NOUN,cot,NOUN,11,,,baby cot,,,,,no,,,,
fishing,NOUN,boat,NOUN,11,,,fishing boat,,,,,no,,,,
province,NOUN,oristano,PROPN,11,,,province oristano,,,,,no,,,,
granite,NOUN,rock,NOUN,11,,,granite rock,,,,,no,,,,
cervo,NOUN,km,NOUN,11,,,cervo km,,,,,no,,,,
floor,NOUN,living,NOUN,11,,,floor living,,,,,no,,,,
day,NOUN,period,NOUN,11,,,day period,,,,,no,,,,
period,NOUN,day,NOUN,11,,,period day,,,,,no,,,,
mt,NOUN,beach,NOUN,11,,,mt beach,,,,,no,,,,
center,NOUN,village,NOUN,11,,,center village,,,,,no,,,,
room,NOUN,king,NOUN,11,,,room king,,,,,no,,,,
supermarket,NOUN,km,NOUN,11,,,supermarket km,,,,,no,,,,
sink,NOUN,toilet,NOUN,11,,,sink toilet,,,,,no,,,,
lounge,NOUN,dining,NOUN,11,,,lounge dining,,,,,no,,,,
view,NOUN,mountain,NOUN,11,,,view mountain,,,,,no,,,,
camera,NOUN,doppia,NOUN,11,,,camera doppia,,,,,no,,,,
breakfast,NOUN,lunch,NOUN,10,,,breakfast lunch,,,,,no,,,,
cagliari,NOUN,minute,NOUN,10,,,cagliari minute,,,,,no,,,,
view,NOUN,house,NOUN,10,,,view house,,,,,no,,,,
couple,NOUN,child,NOUN,10,,,couple child,,,,,no,,,,
min,NOUN,bus,NOUN,10,,,min bus,,,,,no,,,,
floor,NOUN,elevator,NOUN,10,,,floor elevator,,,,,no,,,,
couple,NOUN,friend,NOUN,10,,,couple friend,,,,,no,,,,
location,NOUN,km,NOUN,10,,,location km,,,,,no,,,,
floor,NOUN,holiday,NOUN,10,,,floor holiday,,,,,no,,,,
piazza,NOUN,yenne,NOUN,10,,,piazza yenne,,,,,no,,,,
beach,NOUN,step,NOUN,10,,,beach step,,,,,no,,,,
room,NOUN,bunk,NOUN,10,,,room bunk,,,,,no,,,,
metre,NOUN,beach,NOUN,10,,,metre beach,,,,,no,,,,
heart,NOUN,city,NOUN,10,,,heart city,,,,,no,,,,
center,NOUN,cagliari,NOUN,10,,,center cagliari,,,,,no,,,,
san,NOUN,paolo,NOUN,10,,,san paolo,,,,,no,,,,
kitchen,NOUN,tv,NOUN,10,,,kitchen tv,,,,,no,,,,
wifi,NOUN,air,NOUN,10,,,wifi air,,,,,no,,,,
mt,NOUN,sea,NOUN,10,,,mt sea,,,,,no,,,,
view,NOUN,minute,NOUN,10,,,view minute,,,,,no,,,,
room,NOUN,veranda,NOUN,10,,,room veranda,,,,,no,,,,
pool,NOUN,patio,NOUN,10,,,pool patio,,,,,no,,,,
bidet,NOUN,shower,NOUN,10,,,bidet shower,,,,,no,,,,
apartment,NOUN,living,NOUN,10,,,apartment living,,,,,no,,,,
balcony,NOUN,sea,NOUN,10,,,balcony sea,,,,,no,,,,
salina,NOUN,bamba,NOUN,10,,,salina bamba,,,,,no,,,,
beach,NOUN,west,NOUN,10,,,beach west,,,,,no,,,,
oristano,NOUN,km,NOUN,10,,,oristano km,,,,,no,,,,
km,NOUN,santa,NOUN,10,,,km santa,,,,,no,,,,
beach,NOUN,arena,NOUN,10,,,beach arena,,,,,no,,,,
kitchen,NOUN,washing,NOUN,10,,,kitchen washing,,,,,no,,,,
piazzetta,NOUN,shop,NOUN,10,,,piazzetta shop,,,,,no,,,,
sa,NOUN,distance,NOUN,10,,,sa distance,,,,,no,,,,
kitchen,NOUN,fridge,NOUN,10,,,kitchen fridge,,,,,no,,,,
heart,NOUN,alghero,NOUN,10,,,heart alghero,,,,,no,,,,
porto,PROPN,torre,NOUN,10,,,porto torre,,,,,no,,,,
kitchen,NOUN,corner,NOUN,10,,,kitchen corner,,,,,no,,,,
bedroom,NOUN,queen,NOUN,10,,,bedroom queen,,,,,no,,,,
pool,NOUN,bar,NOUN,10,,,pool bar,,,,,no,,,,
villa,NOUN,bedroom,NOUN,10,,,villa bedroom,,,,,no,,,,
countryside,NOUN,minute,NOUN,10,,,countryside minute,,,,,no,,,,
pine,NOUN,tree,NOUN,10,,,pine tree,,,,,no,,,,
minute,NOUN,airport,NOUN,10,,,minute airport,,,,,no,,,,
plenty,NOUN,space,NOUN,10,,,plenty space,,,,,no,,,,
baia,NOUN,sant,NOUN,10,,,baia sant,,,,,no,,,,
bed,NOUN,ground,NOUN,10,,,bed ground,,,,,no,,,,
shower,NOUN,bathroom,NOUN,10,,,shower bathroom,,,,,no,,,,
villa,NOUN,floor,NOUN,10,,,villa floor,,,,,no,,,,
bed,NOUN,possibility,NOUN,10,,,bed possibility,,,,,no,,,,
moment,NOUN,relaxation,NOUN,10,,,moment relaxation,,,,,no,,,,
cala,NOUN,cartoe,NOUN,10,,,cala cartoe,,,,,no,,,,
example,NOUN,hiking,NOUN,10,,,example hiking,,,,,no,,,,
place,NOUN,house,NOUN,10,,,place house,,,,,no,,,,
al,PROPN,piano,NOUN,10,,,al piano,,,,,no,,,,
car,NOUN,bike,NOUN,10,,,car bike,,,,,no,,,,
villa,NOUN,meter,NOUN,10,,,villa meter,,,,,no,,,,
tourist,NOUN,attraction,NOUN,10,,,tourist attraction,,,,,no,,,,
vacation,NOUN,home,NOUN,10,,,vacation home,,,,,no,,,,
house,NOUN,living,NOUN,10,,,house living,,,,,no,,,,
beach,NOUN,lu,PROPN,10,,,beach lu,,,,,no,,,,
port,NOUN,city,NOUN,10,,,port city,,,,,no,,,,
bathroom,NOUN,veranda,NOUN,10,,,bathroom veranda,,,,,no,,,,
machine,NOUN,air,NOUN,10,,,machine air,,,,,no,,,,
beach,NOUN,bus,NOUN,10,,,beach bus,,,,,no,,,,
arrival,NOUN,phone,NOUN,10,,,arrival phone,,,,,no,,,,
shop,NOUN,supermarket,NOUN,10,,,shop supermarket,,,,,no,,,,
beach,NOUN,airport,NOUN,10,,,beach airport,,,,,no,,,,
shower,NOUN,living,NOUN,10,,,shower living,,,,,no,,,,
holiday,NOUN,family,NOUN,10,,,holiday family,,,,,no,,,,
piano,NOUN,terra,NOUN,10,,,piano terra,,,,,no,,,,
villa,NOUN,apartment,NOUN,9,,,villa apartment,,,,,no,,,,
sea,NOUN,sand,NOUN,9,,,sea sand,,,,,no,,,,
apartment,NOUN,sea,NOUN,9,,,apartment sea,,,,,no,,,,
sea,NOUN,apartment,NOUN,9,,,sea apartment,,,,,no,,,,
area,NOUN,step,NOUN,9,,,area step,,,,,no,,,,
area,NOUN,table,NOUN,9,,,area table,,,,,no,,,,
residence,NOUN,pool,NOUN,9,,,residence pool,,,,,no,,,,
adult,NOUN,child,NOUN,9,,,adult child,,,,,no,,,,
people,NOUN,bathroom,NOUN,9,,,people bathroom,,,,,no,,,,
playground,NOUN,child,NOUN,9,,,playground child,,,,,no,,,,
sardinia,NOUN,sea,NOUN,9,,,sardinia sea,,,,,no,,,,
plan,NOUN,living,NOUN,9,,,plan living,,,,,no,,,,
garden,NOUN,patio,NOUN,9,,,garden patio,,,,,no,,,,
nature,NOUN,lover,NOUN,9,,,nature lover,,,,,no,,,,
peace,NOUN,tranquility,NOUN,9,,,peace tranquility,,,,,no,,,,
town,NOUN,house,NOUN,9,,,town house,,,,,no,,,,
sitting,NOUN,room,NOUN,9,,,sitting room,,,,,no,,,,
breakfast,NOUN,room,NOUN,9,,,breakfast room,,,,,no,,,,
day,NOUN,night,NOUN,9,,,day night,,,,,no,,,,
shower,NOUN,garden,NOUN,9,,,shower garden,,,,,no,,,,
dishwasher,NOUN,oven,NOUN,9,,,dishwasher oven,,,,,no,,,,
fresco,NOUN,dining,NOUN,9,,,fresco dining,,,,,no,,,,
town,NOUN,minute,NOUN,9,,,town minute,,,,,no,,,,
pia,PROPN,beach,NOUN,9,,,pia beach,,,,,no,,,,
village,NOUN,pittulongu,NOUN,9,,,village pittulongu,,,,,no,,,,
apartment,NOUN,sq,NOUN,9,,,apartment sq,,,,,no,,,,
beach,NOUN,place,NOUN,9,,,beach place,,,,,no,,,,
beach,NOUN,garden,NOUN,9,,,beach garden,,,,,no,,,,
bank,NOUN,post,NOUN,9,,,bank post,,,,,no,,,,
south,NOUN,sardinia,NOUN,9,,,south sardinia,,,,,no,,,,
holiday,NOUN,complex,NOUN,9,,,holiday complex,,,,,no,,,,
cafe,NOUN,restaurant,NOUN,9,,,cafe restaurant,,,,,no,,,,
market,NOUN,restaurant,NOUN,9,,,market restaurant,,,,,no,,,,
veranda,NOUN,sea,NOUN,9,,,veranda sea,,,,,no,,,,
km,NOUN,alghero,NOUN,9,,,km alghero,,,,,no,,,,
apartment,NOUN,building,NOUN,9,,,apartment building,,,,,no,,,,
traffic,NOUN,noise,NOUN,9,,,traffic noise,,,,,no,,,,
bedroom,NOUN,floor,NOUN,9,,,bedroom floor,,,,,no,,,,
centre,NOUN,town,NOUN,9,,,centre town,,,,,no,,,,
coffee,NOUN,maker,NOUN,9,,,coffee maker,,,,,no,,,,
villasimius,NOUN,km,NOUN,9,,,villasimius km,,,,,no,,,,
access,NOUN,garden,NOUN,9,,,access garden,,,,,no,,,,
suite,NOUN,shower,NOUN,9,,,suite shower,,,,,no,,,,
deck,NOUN,chair,NOUN,9,,,deck chair,,,,,no,,,,
oristano,PROPN,west,NOUN,9,,,oristano west,,,,,no,,,,
row,NOUN,house,NOUN,9,,,row house,,,,,no,,,,
shop,NOUN,bus,NOUN,9,,,shop bus,,,,,no,,,,
bed,NOUN,wardrobe,NOUN,9,,,bed wardrobe,,,,,no,,,,
area,NOUN,bed,NOUN,9,,,area bed,,,,,no,,,,
access,NOUN,road,NOUN,9,,,access road,,,,,no,,,,
island,NOUN,sardinia,NOUN,9,,,island sardinia,,,,,no,,,,
matrimoniale,NOUN,camera,NOUN,9,,,matrimoniale camera,,,,,no,,,,
budoni,NOUN,km,NOUN,9,,,budoni km,,,,,no,,,,
ice,NOUN,cream,NOUN,9,,,ice cream,,,,,no,,,,
centre,NOUN,minute,NOUN,9,,,centre minute,,,,,no,,,,
variety,NOUN,restaurant,NOUN,9,,,variety restaurant,,,,,no,,,,
osalla,NOUN,cala,NOUN,9,,,osalla cala,,,,,no,,,,
october,NOUN,security,NOUN,9,,,october security,,,,,no,,,,
stay,NOUN,june,NOUN,9,,,stay june,,,,,no,,,,
towel,NOUN,sheet,NOUN,9,,,towel sheet,,,,,no,,,,
cost,NOUN,euro,NOUN,9,,,cost euro,,,,,no,,,,
pool,NOUN,wifi,NOUN,9,,,pool wifi,,,,,no,,,,
garden,NOUN,pool,NOUN,9,,,garden pool,,,,,no,,,,
mari,PROPN,ermi,NOUN,9,,,mari ermi,,,,,no,,,,
restaurant,NOUN,minute,NOUN,9,,,restaurant minute,,,,,no,,,,
mountain,NOUN,sea,NOUN,9,,,mountain sea,,,,,no,,,,
house,NOUN,level,NOUN,9,,,house level,,,,,no,,,,
distance,NOUN,minute,NOUN,9,,,distance minute,,,,,no,,,,
piazza,NOUN,matteotti,NOUN,9,,,piazza matteotti,,,,,no,,,,
garden,NOUN,swimming,NOUN,9,,,garden swimming,,,,,no,,,,
centre,NOUN,village,NOUN,9,,,centre village,,,,,no,,,,
view,NOUN,pool,NOUN,9,,,view pool,,,,,no,,,,
o,NOUN,clock,NOUN,9,,,o clock,,,,,no,,,,
charge,NOUN,pet,NOUN,9,,,charge pet,,,,,no,,,,
station,NOUN,bus,NOUN,9,,,station bus,,,,,no,,,,
beach,NOUN,marina,NOUN,9,,,beach marina,,,,,no,,,,
selection,NOUN,restaurant,NOUN,9,,,selection restaurant,,,,,no,,,,
area,NOUN,km,NOUN,9,,,area km,,,,,no,,,,
ceiling,NOUN,fan,NOUN,9,,,ceiling fan,,,,,no,,,,
summer,NOUN,month,NOUN,9,,,summer month,,,,,no,,,,
cala,NOUN,liberotto,NOUN,9,,,cala liberotto,,,,,no,,,,
rena,PROPN,bianca,NOUN,9,,,rena bianca,,,,,no,,,,
area,NOUN,villa,NOUN,9,,,area villa,,,,,no,,,,
terrace,NOUN,house,NOUN,9,,,terrace house,,,,,no,,,,
km,NOUN,accommodation,NOUN,9,,,km accommodation,,,,,no,,,,
person,NOUN,towel,NOUN,9,,,person towel,,,,,no,,,,
kitchen,NOUN,master,NOUN,9,,,kitchen master,,,,,no,,,,
island,NOUN,budelli,NOUN,9,,,island budelli,,,,,no,,,,
total,NOUN,bed,NOUN,9,,,total bed,,,,,no,,,,
kitchenette,NOUN,living,NOUN,8,,,kitchenette living,,,,,no,,,,
pool,NOUN,terrace,NOUN,8,,,pool terrace,,,,,no,,,,
beach,NOUN,bosa,NOUN,8,,,beach bosa,,,,,no,,,,
pool,NOUN,minute,NOUN,8,,,pool minute,,,,,no,,,,
guest,NOUN,access,NOUN,8,,,guest access,,,,,no,,,,
place,NOUN,sardinia,NOUN,8,,,place sardinia,,,,,no,,,,
sardinia,NOUN,apartment,NOUN,8,,,sardinia apartment,,,,,no,,,,
conditioning,NOUN,wifi,NOUN,8,,,conditioning wifi,,,,,no,,,,
notch,NOUN,design,NOUN,8,,,notch design,,,,,no,,,,
state,NOUN,art,NOUN,8,,,state art,,,,,no,,,,
art,NOUN,adsl,NOUN,8,,,art adsl,,,,,no,,,,
adsl,NOUN,internet,NOUN,8,,,adsl internet,,,,,no,,,,
terrace,NOUN,floor,NOUN,8,,,terrace floor,,,,,no,,,,
garden,NOUN,bedroom,NOUN,8,,,garden bedroom,,,,,no,,,,
drive,NOUN,house,NOUN,8,,,drive house,,,,,no,,,,
alfresco,NOUN,dining,NOUN,8,,,alfresco dining,,,,,no,,,,
restaurant,NOUN,cafe,NOUN,8,,,restaurant cafe,,,,,no,,,,
city,NOUN,cagliari,PROPN,8,,,city cagliari,,,,,no,,,,
relaxation,NOUN,area,NOUN,8,,,relaxation area,,,,,no,,,,
floor,NOUN,kitchen,NOUN,8,,,floor kitchen,,,,,no,,,,
center,NOUN,city,NOUN,8,,,center city,,,,,no,,,,
conditioning,NOUN,bedroom,NOUN,8,,,conditioning bedroom,,,,,no,,,,
garden,NOUN,olive,NOUN,8,,,garden olive,,,,,no,,,,
house,NOUN,beach,NOUN,8,,,house beach,,,,,no,,,,
person,NOUN,night,NOUN,8,,,person night,,,,,no,,,,
room,NOUN,people,NOUN,8,,,room people,,,,,no,,,,
shower,NOUN,wc,NOUN,8,,,shower wc,,,,,no,,,,
wifi,NOUN,internet,NOUN,8,,,wifi internet,,,,,no,,,,
tea,NOUN,coffee,NOUN,8,,,tea coffee,,,,,no,,,,
floor,NOUN,lift,NOUN,8,,,floor lift,,,,,no,,,,
town,NOUN,beach,NOUN,8,,,town beach,,,,,no,,,,
bathroom,NOUN,villa,NOUN,8,,,bathroom villa,,,,,no,,,,
city,NOUN,oristano,NOUN,8,,,city oristano,,,,,no,,,,
bank,NOUN,pharmacy,NOUN,8,,,bank pharmacy,,,,,no,,,,
arena,NOUN,km,NOUN,8,,,arena km,,,,,no,,,,
beach,NOUN,sinis,NOUN,8,,,beach sinis,,,,,no,,,,
municipality,NOUN,cuglieri,NOUN,8,,,municipality cuglieri,,,,,no,,,,
table,NOUN,people,NOUN,8,,,table people,,,,,no,,,,
alghero,NOUN,airport,NOUN,8,,,alghero airport,,,,,no,,,,
sofa,NOUN,kitchen,NOUN,8,,,sofa kitchen,,,,,no,,,,
street,NOUN,parking,NOUN,8,,,street parking,,,,,no,,,,
km,NOUN,puntaldia,NOUN,8,,,km puntaldia,,,,,no,,,,
shop,NOUN,café,NOUN,8,,,shop café,,,,,no,,,,
café,NOUN,restaurant,NOUN,8,,,café restaurant,,,,,no,,,,
teodoro,NOUN,km,NOUN,8,,,teodoro km,,,,,no,,,,
outdoor,NOUN,shower,NOUN,8,,,outdoor shower,,,,,no,,,,
village,NOUN,km,NOUN,8,,,village km,,,,,no,,,,
isola,NOUN,rossa,NOUN,8,,,isola rossa,,,,,no,,,,
breakfast,NOUN,dinner,NOUN,8,,,breakfast dinner,,,,,no,,,,
town,NOUN,stintino,NOUN,8,,,town stintino,,,,,no,,,,
family,NOUN,vacation,NOUN,8,,,family vacation,,,,,no,,,,
tv,NOUN,room,NOUN,8,,,tv room,,,,,no,,,,
village,NOUN,swimming,NOUN,8,,,village swimming,,,,,no,,,,
pedestrian,NOUN,area,NOUN,8,,,pedestrian area,,,,,no,,,,
east,NOUN,sardinia,NOUN,8,,,east sardinia,,,,,no,,,,
beach,NOUN,metre,NOUN,8,,,beach metre,,,,,no,,,,
cagliari,PROPN,km,NOUN,8,,,cagliari km,,,,,no,,,,
restaurant,NOUN,market,NOUN,8,,,restaurant market,,,,,no,,,,
bathroom,NOUN,sink,NOUN,8,,,bathroom sink,,,,,no,,,,
bar,NOUN,supermarket,NOUN,8,,,bar supermarket,,,,,no,,,,
tanaunella,NOUN,km,NOUN,8,,,tanaunella km,,,,,no,,,,
beach,NOUN,town,NOUN,8,,,beach town,,,,,no,,,,
attention,NOUN,detail,NOUN,8,,,attention detail,,,,,no,,,,
guest,NOUN,bathroom,NOUN,8,,,guest bathroom,,,,,no,,,,
con,NOUN,vista,NOUN,8,,,con vista,,,,,no,,,,
location,NOUN,cala,PROPN,8,,,location cala,,,,,no,,,,
cartoe,NOUN,example,NOUN,8,,,cartoe example,,,,,no,,,,
view,NOUN,coast,NOUN,8,,,view coast,,,,,no,,,,
airport,NOUN,port,NOUN,8,,,airport port,,,,,no,,,,
porto,PROPN,taverna,NOUN,8,,,porto taverna,,,,,no,,,,
bike,NOUN,minute,NOUN,8,,,bike minute,,,,,no,,,,
gas,NOUN,water,NOUN,8,,,gas water,,,,,no,,,,
shopping,NOUN,area,NOUN,8,,,shopping area,,,,,no,,,,
vacation,NOUN,rental,NOUN,8,,,vacation rental,,,,,no,,,,
view,NOUN,bedroom,NOUN,8,,,view bedroom,,,,,no,,,,
market,NOUN,bar,NOUN,8,,,market bar,,,,,no,,,,
sun,NOUN,bed,NOUN,8,,,sun bed,,,,,no,,,,
fi,NOUN,connection,NOUN,8,,,fi connection,,,,,no,,,,
beach,NOUN,coast,NOUN,8,,,beach coast,,,,,no,,,,
centre,NOUN,cagliari,PROPN,8,,,centre cagliari,,,,,no,,,,
gas,NOUN,cooker,NOUN,8,,,gas cooker,,,,,no,,,,
restaurant,NOUN,min,NOUN,8,,,restaurant min,,,,,no,,,,
beach,NOUN,north,NOUN,8,,,beach north,,,,,no,,,,
parcheggio,NOUN,privato,NOUN,8,,,parcheggio privato,,,,,no,,,,
conca,NOUN,verde,PROPN,8,,,conca verde,,,,,no,,,,
bathroom,NOUN,bath,NOUN,8,,,bathroom bath,,,,,no,,,,
people,NOUN,house,NOUN,8,,,people house,,,,,no,,,,
gas,NOUN,stove,NOUN,8,,,gas stove,,,,,no,,,,
oven,NOUN,microwave,NOUN,8,,,oven microwave,,,,,no,,,,
nature,NOUN,sea,NOUN,8,,,nature sea,,,,,no,,,,
san,NOUN,pantaleo,NOUN,8,,,san pantaleo,,,,,no,,,,
room,NOUN,garden,NOUN,8,,,room garden,,,,,no,,,,
beach,NOUN,access,NOUN,8,,,beach access,,,,,no,,,,
facility,NOUN,restaurant,NOUN,8,,,facility restaurant,,,,,no,,,,
charge,NOUN,bed,NOUN,8,,,charge bed,,,,,no,,,,
payment,NOUN,day,NOUN,8,,,payment day,,,,,no,,,,
airport,NOUN,min,NOUN,8,,,airport min,,,,,no,,,,
bedroom,NOUN,terrace,NOUN,8,,,bedroom terrace,,,,,no,,,,
cable,NOUN,tv,NOUN,8,,,cable tv,,,,,no,,,,
pool,NOUN,jacuzzi,NOUN,8,,,pool jacuzzi,,,,,no,,,,
machine,NOUN,bathroom,NOUN,8,,,machine bathroom,,,,,no,,,,
service,NOUN,parking,NOUN,8,,,service parking,,,,,no,,,,
garden,NOUN,beach,NOUN,8,,,garden beach,,,,,no,,,,
point,NOUN,diving,NOUN,8,,,point diving,,,,,no,,,,
shower,NOUN,window,NOUN,8,,,shower window,,,,,no,,,,
property,NOUN,pet,NOUN,8,,,property pet,,,,,no,,,,
al,PROPN,mare,NOUN,8,,,al mare,,,,,no,,,,
machine,NOUN,tv,NOUN,8,,,machine tv,,,,,no,,,,
tv,NOUN,barbecue,NOUN,8,,,tv barbecue,,,,,no,,,,
holiday,NOUN,beach,NOUN,8,,,holiday beach,,,,,no,,,,
lounge,NOUN,kitchen,NOUN,7,,,lounge kitchen,,,,,no,,,,
beach,NOUN,sardegna,NOUN,7,,,beach sardegna,,,,,no,,,,
sea,NOUN,garden,NOUN,7,,,sea garden,,,,,no,,,,
internet,NOUN,wifi,NOUN,7,,,internet wifi,,,,,no,,,,
hill,NOUN,minute,NOUN,7,,,hill minute,,,,,no,,,,
shower,NOUN,air,NOUN,7,,,shower air,,,,,no,,,,
beach,NOUN,island,NOUN,7,,,beach island,,,,,no,,,,
shop,NOUN,service,NOUN,7,,,shop service,,,,,no,,,,
room,NOUN,washing,NOUN,7,,,room washing,,,,,no,,,,
self,NOUN,catering,NOUN,7,,,self catering,,,,,no,,,,
city,NOUN,beach,NOUN,7,,,city beach,,,,,no,,,,
garden,NOUN,meter,NOUN,7,,,garden meter,,,,,no,,,,
summer,NOUN,winter,NOUN,7,,,summer winter,,,,,no,,,,
village,NOUN,minute,NOUN,7,,,village minute,,,,,no,,,,
city,NOUN,sant,NOUN,7,,,city sant,,,,,no,,,,
village,NOUN,hill,NOUN,7,,,village hill,,,,,no,,,,
time,NOUN,year,NOUN,7,,,time year,,,,,no,,,,
giardino,NOUN,e,NOUN,7,,,giardino e,,,,,no,,,,
pool,NOUN,parking,NOUN,7,,,pool parking,,,,,no,,,,
airport,NOUN,olbia,PROPN,7,,,airport olbia,,,,,no,,,,
olbia,PROPN,km,NOUN,7,,,olbia km,,,,,no,,,,
internet,NOUN,tablet,NOUN,7,,,internet tablet,,,,,no,,,,
tablet,NOUN,netflix,NOUN,7,,,tablet netflix,,,,,no,,,,
oasis,NOUN,peace,NOUN,7,,,oasis peace,,,,,no,,,,
cagliari,NOUN,km,NOUN,7,,,cagliari km,,,,,no,,,,
restaurant,NOUN,café,NOUN,7,,,restaurant café,,,,,no,,,,
bedroom,NOUN,ground,NOUN,7,,,bedroom ground,,,,,no,,,,
pizzeria,NOUN,restaurant,NOUN,7,,,pizzeria restaurant,,,,,no,,,,
park,NOUN,house,NOUN,7,,,park house,,,,,no,,,,
beach,NOUN,equipment,NOUN,7,,,beach equipment,,,,,no,,,,
wc,NOUN,bidet,NOUN,7,,,wc bidet,,,,,no,,,,
minimum,NOUN,stay,NOUN,7,,,minimum stay,,,,,no,,,,
km,NOUN,house,NOUN,7,,,km house,,,,,no,,,,
bath,NOUN,shower,NOUN,7,,,bath shower,,,,,no,,,,
city,NOUN,life,NOUN,7,,,city life,,,,,no,,,,
palau,NOUN,km,NOUN,7,,,palau km,,,,,no,,,,
baby,NOUN,bed,NOUN,7,,,baby bed,,,,,no,,,,
supermarket,NOUN,pharmacy,NOUN,7,,,supermarket pharmacy,,,,,no,,,,
barbecue,NOUN,garden,NOUN,7,,,barbecue garden,,,,,no,,,,
palau,NOUN,minute,NOUN,7,,,palau minute,,,,,no,,,,
beach,NOUN,salina,NOUN,7,,,beach salina,,,,,no,,,,
grocery,NOUN,shop,NOUN,7,,,grocery shop,,,,,no,,,,
restaurant,NOUN,club,NOUN,7,,,restaurant club,,,,,no,,,,
beach,NOUN,location,NOUN,7,,,beach location,,,,,no,,,,
stone,NOUN,throw,NOUN,7,,,stone throw,,,,,no,,,,
puntaldia,NOUN,marina,NOUN,7,,,puntaldia marina,,,,,no,,,,
pizzeria,NOUN,km,NOUN,7,,,pizzeria km,,,,,no,,,,
chair,NOUN,table,NOUN,7,,,chair table,,,,,no,,,,
view,NOUN,restaurant,NOUN,7,,,view restaurant,,,,,no,,,,
alghero,NOUN,minute,NOUN,7,,,alghero minute,,,,,no,,,,
minute,NOUN,alghero,NOUN,7,,,minute alghero,,,,,no,,,,
beach,NOUN,center,NOUN,7,,,beach center,,,,,no,,,,
guest,NOUN,room,NOUN,7,,,guest room,,,,,no,,,,
centre,NOUN,min,NOUN,7,,,centre min,,,,,no,,,,
beach,NOUN,holiday,NOUN,7,,,beach holiday,,,,,no,,,,
area,NOUN,apartment,NOUN,7,,,area apartment,,,,,no,,,,
distance,NOUN,apartment,NOUN,7,,,distance apartment,,,,,no,,,,
view,NOUN,kitchen,NOUN,7,,,view kitchen,,,,,no,,,,
mosquito,NOUN,net,NOUN,7,,,mosquito net,,,,,no,,,,
sea,NOUN,coast,NOUN,7,,,sea coast,,,,,no,,,,
metre,NOUN,sea,NOUN,7,,,metre sea,,,,,no,,,,
fi,NOUN,bed,NOUN,7,,,fi bed,,,,,no,,,,
garden,NOUN,kitchen,NOUN,7,,,garden kitchen,,,,,no,,,,
hill,NOUN,sea,NOUN,7,,,hill sea,,,,,no,,,,
group,NOUN,family,NOUN,7,,,group family,,,,,no,,,,
pool,NOUN,bedroom,NOUN,7,,,pool bedroom,,,,,no,,,,
summer,NOUN,night,NOUN,7,,,summer night,,,,,no,,,,
cala,NOUN,ambra,NOUN,7,,,cala ambra,,,,,no,,,,
bianca,NOUN,sea,NOUN,7,,,bianca sea,,,,,no,,,,
towel,NOUN,person,NOUN,7,,,towel person,,,,,no,,,,
bathroom,NOUN,person,NOUN,7,,,bathroom person,,,,,no,,,,
aldia,NOUN,puntaldia,NOUN,7,,,aldia puntaldia,,,,,no,,,,
dish,NOUN,washer,NOUN,7,,,dish washer,,,,,no,,,,
view,NOUN,village,NOUN,7,,,view village,,,,,no,,,,
kitchen,NOUN,veranda,NOUN,7,,,kitchen veranda,,,,,no,,,,
shower,NOUN,barbecue,NOUN,7,,,shower barbecue,,,,,no,,,,
matrimoniale,NOUN,e,NOUN,7,,,matrimoniale e,,,,,no,,,,
middle,NOUN,nature,NOUN,7,,,middle nature,,,,,no,,,,
car,NOUN,rental,NOUN,7,,,car rental,,,,,no,,,,
kitchen,NOUN,air,NOUN,7,,,kitchen air,,,,,no,,,,
centre,NOUN,island,NOUN,7,,,centre island,,,,,no,,,,
terrace,NOUN,bedroom,NOUN,7,,,terrace bedroom,,,,,no,,,,
emerald,NOUN,coast,NOUN,7,,,emerald coast,,,,,no,,,,
anna,NOUN,beach,NOUN,7,,,anna beach,,,,,no,,,,
beach,NOUN,tanaunella,NOUN,7,,,beach tanaunella,,,,,no,,,,
location,NOUN,minute,NOUN,7,,,location minute,,,,,no,,,,
spiaggia,NOUN,dell,NOUN,7,,,spiaggia dell,,,,,no,,,,
bed,NOUN,sheet,NOUN,7,,,bed sheet,,,,,no,,,,
residence,NOUN,lu,NOUN,7,,,residence lu,,,,,no,,,,
lu,NOUN,nibareddu,NOUN,7,,,lu nibareddu,,,,,no,,,,
montepetrosu,NOUN,village,NOUN,7,,,montepetrosu village,,,,,no,,,,
tavolara,NOUN,beach,NOUN,7,,,tavolara beach,,,,,no,,,,
minute,NOUN,cost,NOUN,7,,,minute cost,,,,,no,,,,
cost,NOUN,gas,NOUN,7,,,cost gas,,,,,no,,,,
sheet,NOUN,tv,NOUN,7,,,sheet tv,,,,,no,,,,
price,NOUN,change,NOUN,7,,,price change,,,,,no,,,,
change,NOUN,bed,NOUN,7,,,change bed,,,,,no,,,,
euro,NOUN,towel,NOUN,7,,,euro towel,,,,,no,,,,
towel,NOUN,set,NOUN,7,,,towel set,,,,,no,,,,
set,NOUN,person,NOUN,7,,,set person,,,,,no,,,,
shuttle,NOUN,bus,NOUN,7,,,shuttle bus,,,,,no,,,,
wifi,NOUN,zone,NOUN,7,,,wifi zone,,,,,no,,,,
tour,NOUN,desk,NOUN,7,,,tour desk,,,,,no,,,,
tour,NOUN,excursion,NOUN,7,,,tour excursion,,,,,no,,,,
excursion,NOUN,football,NOUN,7,,,excursion football,,,,,no,,,,
football,NOUN,tennis,NOUN,7,,,football tennis,,,,,no,,,,
court,NOUN,restaurant,NOUN,7,,,court restaurant,,,,,no,,,,
pizzeria,NOUN,bbq,NOUN,7,,,pizzeria bbq,,,,,no,,,,
bbq,NOUN,seaview,NOUN,7,,,bbq seaview,,,,,no,,,,
seaview,NOUN,restaurant,NOUN,7,,,seaview restaurant,,,,,no,,,,
bar,NOUN,tavernetta,NOUN,7,,,bar tavernetta,,,,,no,,,,
tavernetta,NOUN,beach,NOUN,7,,,tavernetta beach,,,,,no,,,,
sardinia,NOUN,beach,NOUN,7,,,sardinia beach,,,,,no,,,,
train,NOUN,bus,NOUN,7,,,train bus,,,,,no,,,,
market,NOUN,shop,NOUN,7,,,market shop,,,,,no,,,,
villa,NOUN,beach,NOUN,7,,,villa beach,,,,,no,,,,
summer,NOUN,evening,NOUN,7,,,summer evening,,,,,no,,,,
bedroom,NOUN,room,NOUN,7,,,bedroom room,,,,,no,,,,
village,NOUN,bar,NOUN,7,,,village bar,,,,,no,,,,
restaurant,NOUN,hotel,NOUN,7,,,restaurant hotel,,,,,no,,,,
beach,NOUN,villasimius,NOUN,7,,,beach villasimius,,,,,no,,,,
holiday,NOUN,friend,NOUN,7,,,holiday friend,,,,,no,,,,
villa,NOUN,minute,NOUN,7,,,villa minute,,,,,no,,,,
center,NOUN,km,NOUN,7,,,center km,,,,,no,,,,
art,NOUN,culture,NOUN,7,,,art culture,,,,,no,,,,
dining,NOUN,living,NOUN,7,,,dining living,,,,,no,,,,
total,NOUN,people,NOUN,7,,,total people,,,,,no,,,,
chair,NOUN,living,NOUN,7,,,chair living,,,,,no,,,,
night,NOUN,life,NOUN,7,,,night life,,,,,no,,,,
gulf,NOUN,asinara,NOUN,7,,,gulf asinara,,,,,no,,,,
beach,NOUN,world,NOUN,7,,,beach world,,,,,no,,,,
bosa,NOUN,area,NOUN,7,,,bosa area,,,,,no,,,,
complex,NOUN,house,NOUN,7,,,complex house,,,,,no,,,,
fireplace,NOUN,living,NOUN,7,,,fireplace living,,,,,no,,,,
fruit,NOUN,vegetable,NOUN,7,,,fruit vegetable,,,,,no,,,,
apartment,NOUN,meter,NOUN,7,,,apartment meter,,,,,no,,,,
sport,NOUN,activity,NOUN,7,,,sport activity,,,,,no,,,,
mountain,NOUN,view,NOUN,7,,,mountain view,,,,,no,,,,
seaside,NOUN,town,NOUN,7,,,seaside town,,,,,no,,,,
sea,NOUN,hill,NOUN,7,,,sea hill,,,,,no,,,,
kitchen,NOUN,gas,NOUN,7,,,kitchen gas,,,,,no,,,,
place,NOUN,holiday,NOUN,7,,,place holiday,,,,,no,,,,
barbecue,NOUN,parking,NOUN,7,,,barbecue parking,,,,,no,,,,
center,NOUN,min,NOUN,7,,,center min,,,,,no,,,,
level,NOUN,villa,NOUN,7,,,level villa,,,,,no,,,,
area,NOUN,cala,NOUN,7,,,area cala,,,,,no,,,,
veranda,NOUN,bathroom,NOUN,7,,,veranda bathroom,,,,,no,,,,
village,NOUN,sea,NOUN,7,,,village sea,,,,,no,,,,
holiday,NOUN,tranquility,NOUN,7,,,holiday tranquility,,,,,no,,,,
km,NOUN,minute,NOUN,7,,,km minute,,,,,no,,,,
table,NOUN,seat,NOUN,7,,,table seat,,,,,no,,,,
min,NOUN,foot,NOUN,7,,,min foot,,,,,no,,,,
home,NOUN,heart,NOUN,7,,,home heart,,,,,no,,,,
car,NOUN,bed,NOUN,7,,,car bed,,,,,no,,,,
beach,NOUN,cove,NOUN,7,,,beach cove,,,,,no,,,,
view,NOUN,maddalena,PROPN,7,,,view maddalena,,,,,no,,,,
restaurant,NOUN,house,NOUN,7,,,restaurant house,,,,,no,,,,
parking,NOUN,garden,NOUN,7,,,parking garden,,,,,no,,,,
bed,NOUN,garden,NOUN,7,,,bed garden,,,,,no,,,,
bathroom,NOUN,tv,NOUN,7,,,bathroom tv,,,,,no,,,,
cot,NOUN,baby,NOUN,7,,,cot baby,,,,,no,,,,
loft,NOUN,bed,NOUN,7,,,loft bed,,,,,no,,,,
poetto,NOUN,minute,NOUN,7,,,poetto minute,,,,,no,,,,
conditioning,NOUN,living,NOUN,7,,,conditioning living,,,,,no,,,,